[{"name":"TD","cityList":[{"name":"Oum Hadjer","link":"http://en.wikipedia.org/wiki/Oum_Hadjer"},{"name":"Moussoro","link":"http://en.wikipedia.org/wiki/Moussoro"},{"name":"Mboursou Lere","link":"http://en.wikipedia.org/wiki/Mboursou+Lere"},{"name":"Massakory","link":"http://en.wikipedia.org/wiki/Massakory"},{"name":"Koumra","link":"http://en.wikipedia.org/wiki/Koumra"},{"name":"Dourbali","link":"http://en.wikipedia.org/wiki/Dourbali"},{"name":"Kyabe","link":"http://en.wikipedia.org/wiki/Kyabe"},{"name":"Bitkine","link":"http://en.wikipedia.org/wiki/Bitkine"},{"name":"Benoy","link":"http://en.wikipedia.org/wiki/Benoy"},{"name":"Moundou","link":"http://en.wikipedia.org/wiki/Moundou"},{"name":"Abeche","link":"http://en.wikipedia.org/wiki/Abeche"},{"name":"NDjamena","link":"http://en.wikipedia.org/wiki/NDjamena"},{"name":"Mongo","link":"http://en.wikipedia.org/wiki/Mongo"}]},{"name":"TF","cityList":[{"name":"Port-aux-Francais","link":"http://en.wikipedia.org/wiki/Port-aux-Francais"}]},{"name":"TG","cityList":[{"name":"Sotouboua","link":"http://en.wikipedia.org/wiki/Sotouboua"},{"name":"Dapaong","link":"http://en.wikipedia.org/wiki/Dapaong"},{"name":"Atakpame","link":"http://en.wikipedia.org/wiki/Atakpam%C3%A9"},{"name":"Kara","link":"http://en.wikipedia.org/wiki/Kara%2C_Togo"},{"name":"Kpalime","link":"http://en.wikipedia.org/wiki/Kpalime"}]},{"name":"TH","cityList":[{"name":"Prakhon Chai","link":"http://en.wikipedia.org/wiki/Prakhon+Chai"},{"name":"Bangkok","link":"http://en.wikipedia.org/wiki/Bangkok"},{"name":"Pak Chong","link":"http://en.wikipedia.org/wiki/Pak+Chong"},{"name":"Nakhon Si Thammarat","link":"http://en.wikipedia.org/wiki/Nakhon+Si+Thammarat"},{"name":"Thoen","link":"http://en.wikipedia.org/wiki/Thoen_District"},{"name":"Thap Than","link":"http://en.wikipedia.org/wiki/Thap+Than"},{"name":"Mae Sai","link":"http://en.wikipedia.org/wiki/Mae_Sai"},{"name":"Lang Suan","link":"http://en.wikipedia.org/wiki/Lang_Suan_District"},{"name":"Kui Buri","link":"http://en.wikipedia.org/wiki/Kui_Buri_District"},{"name":"Khanu Woralaksaburi","link":"http://en.wikipedia.org/wiki/Khanu+Woralaksaburi"},{"name":"Bo Phloi","link":"http://en.wikipedia.org/wiki/Bo_Phloi_District"},{"name":"Na Klang","link":"http://en.wikipedia.org/wiki/Na_Klang"},{"name":"Yaring","link":"http://en.wikipedia.org/wiki/Yaring"},{"name":"Wang Nam Yen","link":"http://en.wikipedia.org/wiki/Wang+Nam+Yen"},{"name":"Trat","link":"http://en.wikipedia.org/wiki/Trat"},{"name":"Thap Khlo","link":"http://en.wikipedia.org/wiki/Thap+Khlo"},{"name":"Tha Bo","link":"http://en.wikipedia.org/wiki/Tha+Bo"},{"name":"Ra-ngae","link":"http://en.wikipedia.org/wiki/Ra-ngae"},{"name":"Prachin Buri","link":"http://en.wikipedia.org/wiki/Prachin+Buri"},{"name":"Phichit","link":"http://en.wikipedia.org/wiki/Phichit"},{"name":"Phan Thong","link":"http://en.wikipedia.org/wiki/Phan_Thong_District"},{"name":"Nong Bua Lamphu","link":"http://en.wikipedia.org/wiki/Nong+Bua+Lamphu"},{"name":"Kaset Sombun","link":"http://en.wikipedia.org/wiki/Kaset+Sombun"},{"name":"Kamalasai","link":"http://en.wikipedia.org/wiki/Kamalasai"},{"name":"Kabin Buri","link":"http://en.wikipedia.org/wiki/Kabin+Buri"},{"name":"Chum Phae","link":"http://en.wikipedia.org/wiki/Chum_Phae_District"},{"name":"Ban Phan Don","link":"http://en.wikipedia.org/wiki/Ban+Phan+Don"},{"name":"Thung Song","link":"http://en.wikipedia.org/wiki/Thung_Song_District"},{"name":"Pran Buri","link":"http://en.wikipedia.org/wiki/Pran_Buri_District"},{"name":"Mae Sot","link":"http://en.wikipedia.org/wiki/Mae+Sot"},{"name":"Mae Ramat","link":"http://en.wikipedia.org/wiki/Mae+Ramat"},{"name":"Lat Yao","link":"http://en.wikipedia.org/wiki/Lat+Yao"},{"name":"Ban Na","link":"http://en.wikipedia.org/wiki/Ban+Na"},{"name":"Nong Kung Si","link":"http://en.wikipedia.org/wiki/Nong+Kung+Si"},{"name":"Ban Nong Wua So","link":"http://en.wikipedia.org/wiki/Ban+Nong+Wua+So"},{"name":"Ban Huai Thalaeng","link":"http://en.wikipedia.org/wiki/Ban+Huai+Thalaeng"},{"name":"Uthai Thani","link":"http://en.wikipedia.org/wiki/Uthai_Thani"},{"name":"Seka","link":"http://en.wikipedia.org/wiki/Seka"},{"name":"Ranot","link":"http://en.wikipedia.org/wiki/Ranot"},{"name":"Phu Khiao","link":"http://en.wikipedia.org/wiki/Phu+Khiao"},{"name":"Phra Phutthabat","link":"http://en.wikipedia.org/wiki/Phra_Phutthabat_District"},{"name":"Phon Charoen","link":"http://en.wikipedia.org/wiki/Phon+Charoen"},{"name":"Phitsanulok","link":"http://en.wikipedia.org/wiki/Phitsanulok"},{"name":"Phibun Mangsahan","link":"http://en.wikipedia.org/wiki/Phibun+Mangsahan"},{"name":"Non Sung","link":"http://en.wikipedia.org/wiki/Non+Sung"},{"name":"Kuchinarai","link":"http://en.wikipedia.org/wiki/Kuchinarai"},{"name":"Khao Wong","link":"http://en.wikipedia.org/wiki/Khao+Wong"},{"name":"Kaset Wisai","link":"http://en.wikipedia.org/wiki/Kaset+Wisai"},{"name":"Kaeng Khro","link":"http://en.wikipedia.org/wiki/Kaeng+Khro"},{"name":"Dan Khun Thot","link":"http://en.wikipedia.org/wiki/Dan_Khun_Thot_District"},{"name":"Chai Badan","link":"http://en.wikipedia.org/wiki/Chai+Badan"},{"name":"Ban Selaphum","link":"http://en.wikipedia.org/wiki/Ban+Selaphum"},{"name":"Amphoe Sikhiu","link":"http://en.wikipedia.org/wiki/Amphoe+Sikhiu"},{"name":"Prachuap Khiri Khan","link":"http://en.wikipedia.org/wiki/Prachuap+Khiri+Khan"},{"name":"Phatthaya","link":"http://en.wikipedia.org/wiki/Phatthaya"},{"name":"Chiang Rai","link":"http://en.wikipedia.org/wiki/Chiang+Rai"},{"name":"Ban Talat Yai","link":"http://en.wikipedia.org/wiki/Ban+Talat+Yai"},{"name":"Songkhla","link":"http://en.wikipedia.org/wiki/Songkhla"},{"name":"Lampang","link":"http://en.wikipedia.org/wiki/Lampang"},{"name":"Trang","link":"http://en.wikipedia.org/wiki/Trang"},{"name":"Krabi","link":"http://en.wikipedia.org/wiki/Krabi"},{"name":"Yala","link":"http://en.wikipedia.org/wiki/Yala"},{"name":"Ranong","link":"http://en.wikipedia.org/wiki/Ranong"},{"name":"Surin","link":"http://en.wikipedia.org/wiki/Surin"},{"name":"Pak Kret","link":"http://en.wikipedia.org/wiki/Pak+Kret"},{"name":"Hat Yai","link":"http://en.wikipedia.org/wiki/Hat+Yai"},{"name":"Ubon Ratchathani","link":"http://en.wikipedia.org/wiki/Ubon+Ratchathani"}]},{"name":"TJ","cityList":[{"name":"Khujand","link":"http://en.wikipedia.org/wiki/Khujand"},{"name":"Isfara","link":"http://en.wikipedia.org/wiki/Isfara"},{"name":"Istaravshan","link":"http://en.wikipedia.org/wiki/Istaravshan"},{"name":"Panjakent","link":"http://en.wikipedia.org/wiki/Panjakent"},{"name":"Norak","link":"http://en.wikipedia.org/wiki/Norak"},{"name":"Kulob","link":"http://en.wikipedia.org/wiki/Kulob"},{"name":"Qurghonteppa","link":"http://en.wikipedia.org/wiki/Qurghonteppa"},{"name":"Proletar","link":"http://en.wikipedia.org/wiki/Proletarsk%2C_Tajikistan"},{"name":"Yovon","link":"http://en.wikipedia.org/wiki/Yovon"},{"name":"Konibodom","link":"http://en.wikipedia.org/wiki/Konibodom"},{"name":"Vose","link":"http://en.wikipedia.org/wiki/Vose"},{"name":"Vakhsh","link":"http://en.wikipedia.org/wiki/Vakhsh"},{"name":"Kolkhozobod","link":"http://en.wikipedia.org/wiki/Kolkhozobod"},{"name":"Ishqoshim","link":"http://en.wikipedia.org/wiki/Ishqoshim"},{"name":"Danghara","link":"http://en.wikipedia.org/wiki/Danghara"},{"name":"Chubek","link":"http://en.wikipedia.org/wiki/Chubek"},{"name":"Boshkengash","link":"http://en.wikipedia.org/wiki/Boshkengash"}]},{"name":"TM","cityList":[{"name":"Gumdag","link":"http://en.wikipedia.org/wiki/Gumdag"},{"name":"Gazanjyk","link":"http://en.wikipedia.org/wiki/Bereket"},{"name":"Buzmeyin","link":"http://en.wikipedia.org/wiki/Abadan%2C_Turkmenistan"},{"name":"Bayramaly","link":"http://en.wikipedia.org/wiki/Ba%C3%BDramaly"},{"name":"Ashgabat","link":"http://en.wikipedia.org/wiki/Ashgabat"},{"name":"Turkmenbasy","link":"http://en.wikipedia.org/wiki/Turkmenbasy"},{"name":"Kaka","link":"http://en.wikipedia.org/wiki/Kaka%2C_Turkmenistan"},{"name":"Baherden","link":"http://en.wikipedia.org/wiki/Baherden"},{"name":"Gowurdak","link":"http://en.wikipedia.org/wiki/Gowurdak"},{"name":"Gazojak","link":"http://en.wikipedia.org/wiki/Gazojak"}]},{"name":"TN","cityList":[{"name":"Al Hammamat","link":"http://en.wikipedia.org/wiki/Al+Hammamat"},{"name":"Sidi Bouzid","link":"http://en.wikipedia.org/wiki/Sidi+Bouzid"},{"name":"Tataouine","link":"http://en.wikipedia.org/wiki/Tataouine"},{"name":"Bizerte","link":"http://en.wikipedia.org/wiki/Bizerte"},{"name":"Masakin","link":"http://en.wikipedia.org/wiki/Masakin"},{"name":"La Sebala du Mornag","link":"http://en.wikipedia.org/wiki/La+Sebala+du+Mornag"},{"name":"Ksour Essaf","link":"http://en.wikipedia.org/wiki/Ksour+Essaf"},{"name":"Menzel Abderhaman","link":"http://en.wikipedia.org/wiki/Menzel+Abderhaman"},{"name":"Jammal","link":"http://en.wikipedia.org/wiki/Jammal"},{"name":"Dawwar Tinjah","link":"http://en.wikipedia.org/wiki/Dawwar+Tinjah"},{"name":"Ar Rudayyif","link":"http://en.wikipedia.org/wiki/Ar+Rudayyif"},{"name":"Al Wardanin","link":"http://en.wikipedia.org/wiki/Al+Wardanin"},{"name":"Al Qarmadah","link":"http://en.wikipedia.org/wiki/Al+Qarmadah"},{"name":"La Mohammedia","link":"http://en.wikipedia.org/wiki/Mohamedia"},{"name":"Douane","link":"http://en.wikipedia.org/wiki/Douane"},{"name":"Rades","link":"http://en.wikipedia.org/wiki/Rades"},{"name":"Saqanis","link":"http://en.wikipedia.org/wiki/Saqanis"},{"name":"Al Metlaoui","link":"http://en.wikipedia.org/wiki/Al+Metlaoui"},{"name":"Tunis","link":"http://en.wikipedia.org/wiki/Tunis"},{"name":"Sousse","link":"http://en.wikipedia.org/wiki/Sousse"},{"name":"Beja","link":"http://en.wikipedia.org/wiki/Beja"},{"name":"Nabeul","link":"http://en.wikipedia.org/wiki/Nabeul"},{"name":"Sfax","link":"http://en.wikipedia.org/wiki/Sfax"},{"name":"Kairouan","link":"http://en.wikipedia.org/wiki/Kairouan"},{"name":"Gafsa","link":"http://en.wikipedia.org/wiki/Gafsa"},{"name":"Kebili","link":"http://en.wikipedia.org/wiki/Kebili"},{"name":"Kasserine","link":"http://en.wikipedia.org/wiki/Kasserine"},{"name":"Beni Khiar","link":"http://en.wikipedia.org/wiki/Beni+Khiar"},{"name":"Qulaybiyah","link":"http://en.wikipedia.org/wiki/Qulaybiyah"},{"name":"Mahdia","link":"http://en.wikipedia.org/wiki/Mahdia_Governorate"},{"name":"La Goulette","link":"http://en.wikipedia.org/wiki/La+Goulette"},{"name":"Jendouba","link":"http://en.wikipedia.org/wiki/Jendouba"},{"name":"El Fahs","link":"http://en.wikipedia.org/wiki/El+Fahs"},{"name":"El Kef","link":"http://en.wikipedia.org/wiki/El+Kef"},{"name":"Siliana","link":"http://en.wikipedia.org/wiki/Siliana"},{"name":"Tozeur","link":"http://en.wikipedia.org/wiki/Tozeur"},{"name":"El Jem","link":"http://en.wikipedia.org/wiki/El+Jem"}]},{"name":"TR","cityList":[{"name":"İstanbul","link":"http://en.wikipedia.org/wiki/Istanbul_Province"},{"name":"Kocaali","link":"http://en.wikipedia.org/wiki/Kocaali"},{"name":"Adana","link":"http://en.wikipedia.org/wiki/Adana"},{"name":"Sanliurfa","link":"http://en.wikipedia.org/wiki/Sanliurfa"},{"name":"Izmir","link":"http://en.wikipedia.org/wiki/Izmir"},{"name":"Malatya","link":"http://en.wikipedia.org/wiki/Malatya"},{"name":"Gebze","link":"http://en.wikipedia.org/wiki/Gebze"},{"name":"Zonguldak","link":"http://en.wikipedia.org/wiki/Zonguldak"},{"name":"Yenisehir","link":"http://en.wikipedia.org/wiki/Yenisehir"},{"name":"Orhangazi","link":"http://en.wikipedia.org/wiki/Orhangazi"},{"name":"Corlu","link":"http://en.wikipedia.org/wiki/Corlu"},{"name":"Sivas","link":"http://en.wikipedia.org/wiki/Sivas"},{"name":"Cerkezkoy","link":"http://en.wikipedia.org/wiki/Cerkezkoy"},{"name":"Geulzuk","link":"http://en.wikipedia.org/wiki/Geulzuk"},{"name":"Gonen","link":"http://en.wikipedia.org/wiki/Gonen"},{"name":"Erzincan","link":"http://en.wikipedia.org/wiki/Erzincan"},{"name":"Kesan","link":"http://en.wikipedia.org/wiki/Kesan"},{"name":"Biga","link":"http://en.wikipedia.org/wiki/Biga"},{"name":"Eregli","link":"http://en.wikipedia.org/wiki/Eregli"},{"name":"Babaeski","link":"http://en.wikipedia.org/wiki/Babaeski"},{"name":"Tarsus","link":"http://en.wikipedia.org/wiki/Tarsus"},{"name":"Rize","link":"http://en.wikipedia.org/wiki/Rize"},{"name":"Yalova","link":"http://en.wikipedia.org/wiki/Yalova"},{"name":"Bucak","link":"http://en.wikipedia.org/wiki/Bucak"},{"name":"Gemlik","link":"http://en.wikipedia.org/wiki/Gemlik"},{"name":"Bafra","link":"http://en.wikipedia.org/wiki/Bafra"},{"name":"Turgutlu","link":"http://en.wikipedia.org/wiki/Turgutlu"},{"name":"Erzin","link":"http://en.wikipedia.org/wiki/Erzin%2C_Turkey"},{"name":"Yerkoy","link":"http://en.wikipedia.org/wiki/Yerk%C3%B6y"},{"name":"Yatagan","link":"http://en.wikipedia.org/wiki/Yatagan"},{"name":"Cimin","link":"http://en.wikipedia.org/wiki/Cimin"},{"name":"Urgub","link":"http://en.wikipedia.org/wiki/Urgub"},{"name":"Susurluk","link":"http://en.wikipedia.org/wiki/Susurluk"},{"name":"Solhan","link":"http://en.wikipedia.org/wiki/Solhan"},{"name":"Simav","link":"http://en.wikipedia.org/wiki/Simav"},{"name":"Saraykoy","link":"http://en.wikipedia.org/wiki/Sarayk%C3%B6y"},{"name":"Hypaepa","link":"http://en.wikipedia.org/wiki/Hypaepa"},{"name":"Mut","link":"http://en.wikipedia.org/wiki/Mut%2C_Mersin"},{"name":"Kulu","link":"http://en.wikipedia.org/wiki/Kulu%2C_Konya"},{"name":"Kulp","link":"http://en.wikipedia.org/wiki/Kulp"},{"name":"Serinhisar","link":"http://en.wikipedia.org/wiki/Serinhisar"},{"name":"Karapinar","link":"http://en.wikipedia.org/wiki/Karap%C4%B1nar"},{"name":"Imamoglu","link":"http://en.wikipedia.org/wiki/%C4%B0mamo%C4%9Flu"},{"name":"Hizan","link":"http://en.wikipedia.org/wiki/Hizan"},{"name":"Hinis","link":"http://en.wikipedia.org/wiki/Hinis"},{"name":"Hilvan","link":"http://en.wikipedia.org/wiki/Hilvan"},{"name":"Akdagmadeni","link":"http://en.wikipedia.org/wiki/Akda%C4%9Fmadeni"},{"name":"Kestel","link":"http://en.wikipedia.org/wiki/Kestel"},{"name":"Gurgentepe","link":"http://en.wikipedia.org/wiki/G%C3%BCrgentepe"},{"name":"Devrek","link":"http://en.wikipedia.org/wiki/Devrek"},{"name":"Edremit","link":"http://en.wikipedia.org/wiki/Edremit"},{"name":"Konya","link":"http://en.wikipedia.org/wiki/Konya"},{"name":"Isparta","link":"http://en.wikipedia.org/wiki/Isparta"},{"name":"Denizli","link":"http://en.wikipedia.org/wiki/Denizli"},{"name":"Bolu","link":"http://en.wikipedia.org/wiki/Bolu"},{"name":"Canakkale","link":"http://en.wikipedia.org/wiki/Canakkale"},{"name":"Trabzon","link":"http://en.wikipedia.org/wiki/Trabzon"},{"name":"Kirikkale","link":"http://en.wikipedia.org/wiki/Kirikkale"},{"name":"Erzurum","link":"http://en.wikipedia.org/wiki/Erzurum"},{"name":"Antioch","link":"http://en.wikipedia.org/wiki/Antioch"},{"name":"Kahramanmaras","link":"http://en.wikipedia.org/wiki/Kahramanmaras"},{"name":"Batman","link":"http://en.wikipedia.org/wiki/Batman"},{"name":"Amasya","link":"http://en.wikipedia.org/wiki/Amasya"},{"name":"Ordu","link":"http://en.wikipedia.org/wiki/Ordu"},{"name":"Karaman","link":"http://en.wikipedia.org/wiki/Karaman"},{"name":"Artvin","link":"http://en.wikipedia.org/wiki/Artvin"},{"name":"Usak","link":"http://en.wikipedia.org/wiki/Usak"},{"name":"Soeke","link":"http://en.wikipedia.org/wiki/Soeke"},{"name":"Bingol","link":"http://en.wikipedia.org/wiki/Bingol"},{"name":"Yozgat","link":"http://en.wikipedia.org/wiki/Yozgat"},{"name":"Corum","link":"http://en.wikipedia.org/wiki/Corum"},{"name":"Safranbolu","link":"http://en.wikipedia.org/wiki/Safranbolu"},{"name":"Hakkari","link":"http://en.wikipedia.org/wiki/Hakkari"},{"name":"Khanjarah","link":"http://en.wikipedia.org/wiki/Khanjarah"},{"name":"Gorele","link":"http://en.wikipedia.org/wiki/Gorele"},{"name":"Kirsehir","link":"http://en.wikipedia.org/wiki/Kirsehir"},{"name":"Sinop","link":"http://en.wikipedia.org/wiki/Sinop"},{"name":"Yesilli","link":"http://en.wikipedia.org/wiki/Ye%C5%9Filli"},{"name":"Malazgirt","link":"http://en.wikipedia.org/wiki/Malazgirt"},{"name":"Beykonak","link":"http://en.wikipedia.org/wiki/Beykonak"},{"name":"Kozluk","link":"http://en.wikipedia.org/wiki/Kozluk"},{"name":"Ilgin","link":"http://en.wikipedia.org/wiki/Ilgin"},{"name":"Ankara","link":"http://en.wikipedia.org/wiki/Ankara"},{"name":"Hendek","link":"http://en.wikipedia.org/wiki/Hendek"},{"name":"Cerkes","link":"http://en.wikipedia.org/wiki/Cerkes"},{"name":"Osmaniye","link":"http://en.wikipedia.org/wiki/Osmaniye"},{"name":"Burdur","link":"http://en.wikipedia.org/wiki/Burdur"},{"name":"Bodrum","link":"http://en.wikipedia.org/wiki/Bodrum"},{"name":"Kayseri","link":"http://en.wikipedia.org/wiki/Kayseri"},{"name":"Ortakoy","link":"http://en.wikipedia.org/wiki/Ortakoy"},{"name":"Manisa","link":"http://en.wikipedia.org/wiki/Manisa"},{"name":"Kutahya","link":"http://en.wikipedia.org/wiki/Kutahya"},{"name":"Afyonkarahisar","link":"http://en.wikipedia.org/wiki/Afyonkarahisar"},{"name":"Agri","link":"http://en.wikipedia.org/wiki/Agri"},{"name":"Balikesir","link":"http://en.wikipedia.org/wiki/Balikesir"},{"name":"Bilecik","link":"http://en.wikipedia.org/wiki/Bilecik"},{"name":"Kars","link":"http://en.wikipedia.org/wiki/Kars"},{"name":"Samsun","link":"http://en.wikipedia.org/wiki/Samsun"},{"name":"Kastamonu","link":"http://en.wikipedia.org/wiki/Kastamonu"},{"name":"Istanbul","link":"http://en.wikipedia.org/wiki/Istanbul"},{"name":"Eskisehir","link":"http://en.wikipedia.org/wiki/Eskisehir"},{"name":"Tekirdag","link":"http://en.wikipedia.org/wiki/Tekirdag"},{"name":"Gaziantep","link":"http://en.wikipedia.org/wiki/Gaziantep"},{"name":"Adapazari","link":"http://en.wikipedia.org/wiki/Adapazari"},{"name":"Maltepe","link":"http://en.wikipedia.org/wiki/Maltepe"},{"name":"Bursa","link":"http://en.wikipedia.org/wiki/Bursa"},{"name":"Tokat","link":"http://en.wikipedia.org/wiki/Tokat"},{"name":"Edirne","link":"http://en.wikipedia.org/wiki/Edirne"},{"name":"Mugla","link":"http://en.wikipedia.org/wiki/Mugla"},{"name":"Elazig","link":"http://en.wikipedia.org/wiki/Elazig"},{"name":"Aksaray","link":"http://en.wikipedia.org/wiki/Aksaray"},{"name":"Cesme","link":"http://en.wikipedia.org/wiki/Cesme"},{"name":"Fethiye","link":"http://en.wikipedia.org/wiki/Fethiye"},{"name":"Silivri","link":"http://en.wikipedia.org/wiki/Silivri"},{"name":"Kilis","link":"http://en.wikipedia.org/wiki/Kilis"},{"name":"Diyarbakir","link":"http://en.wikipedia.org/wiki/Diyarbakir"},{"name":"Karabuk","link":"http://en.wikipedia.org/wiki/Karabuk"},{"name":"Cumaovasi","link":"http://en.wikipedia.org/wiki/Cumaovasi"},{"name":"Kirklareli","link":"http://en.wikipedia.org/wiki/Kirklareli"},{"name":"Duzce","link":"http://en.wikipedia.org/wiki/Duzce"},{"name":"Nazilli","link":"http://en.wikipedia.org/wiki/Nazilli"},{"name":"Luleburgaz","link":"http://en.wikipedia.org/wiki/Luleburgaz"},{"name":"Bergama","link":"http://en.wikipedia.org/wiki/Bergama"},{"name":"Tunceli","link":"http://en.wikipedia.org/wiki/Tunceli"},{"name":"Unieh","link":"http://en.wikipedia.org/wiki/Unieh"},{"name":"Terme","link":"http://en.wikipedia.org/wiki/Terme"},{"name":"Hayrabolu","link":"http://en.wikipedia.org/wiki/Hayrabolu"},{"name":"Esenyurt","link":"http://en.wikipedia.org/wiki/Esenyurt"},{"name":"Niksar","link":"http://en.wikipedia.org/wiki/Niksar"},{"name":"Nevsehir","link":"http://en.wikipedia.org/wiki/Nevsehir"},{"name":"Kadirli","link":"http://en.wikipedia.org/wiki/Kadirli"},{"name":"Ceyhan","link":"http://en.wikipedia.org/wiki/Ceyhan"},{"name":"Siirt","link":"http://en.wikipedia.org/wiki/Siirt"},{"name":"Oltu","link":"http://en.wikipedia.org/wiki/Oltu"},{"name":"Van","link":"http://en.wikipedia.org/wiki/Van"},{"name":"Cermik","link":"http://en.wikipedia.org/wiki/Cermik"},{"name":"Ergani","link":"http://en.wikipedia.org/wiki/Ergani"},{"name":"Gumushkhane","link":"http://en.wikipedia.org/wiki/Gumushkhane"},{"name":"Inegeul","link":"http://en.wikipedia.org/wiki/Inegeul"},{"name":"Ardahan","link":"http://en.wikipedia.org/wiki/Ardahan"},{"name":"Karamursel","link":"http://en.wikipedia.org/wiki/Karamursel"},{"name":"Birecik","link":"http://en.wikipedia.org/wiki/Birecik"},{"name":"Iznik","link":"http://en.wikipedia.org/wiki/Iznik"},{"name":"Malkara","link":"http://en.wikipedia.org/wiki/Malkara"},{"name":"Sirnak","link":"http://en.wikipedia.org/wiki/Sirnak"},{"name":"Merzifon","link":"http://en.wikipedia.org/wiki/Merzifon"},{"name":"Kahta","link":"http://en.wikipedia.org/wiki/Kahta"},{"name":"Manavgat","link":"http://en.wikipedia.org/wiki/Manavgat"},{"name":"Mudanya","link":"http://en.wikipedia.org/wiki/Mudanya"},{"name":"Kaman","link":"http://en.wikipedia.org/wiki/Kaman"},{"name":"Aliaga","link":"http://en.wikipedia.org/wiki/Aliaga"},{"name":"Salihli","link":"http://en.wikipedia.org/wiki/Salihli"},{"name":"Sungurlu","link":"http://en.wikipedia.org/wiki/Sungurlu"},{"name":"Midyat","link":"http://en.wikipedia.org/wiki/Midyat"},{"name":"Serik","link":"http://en.wikipedia.org/wiki/Serik"},{"name":"Kurtalan","link":"http://en.wikipedia.org/wiki/Kurtalan"},{"name":"Fatsa","link":"http://en.wikipedia.org/wiki/Fatsa"},{"name":"Siverek","link":"http://en.wikipedia.org/wiki/Siverek"},{"name":"Develi","link":"http://en.wikipedia.org/wiki/Develi"},{"name":"Sorgun","link":"http://en.wikipedia.org/wiki/Sorgun"},{"name":"Bayburt","link":"http://en.wikipedia.org/wiki/Bayburt"},{"name":"Kusadasi","link":"http://en.wikipedia.org/wiki/Kusadasi"},{"name":"Kula","link":"http://en.wikipedia.org/wiki/Kula"},{"name":"Can","link":"http://en.wikipedia.org/wiki/Can"},{"name":"Bandirma","link":"http://en.wikipedia.org/wiki/Bandirma"},{"name":"Beysehir","link":"http://en.wikipedia.org/wiki/Beysehir"},{"name":"Kemalpasa","link":"http://en.wikipedia.org/wiki/Kemalpasa"},{"name":"Catalca","link":"http://en.wikipedia.org/wiki/Catalca"},{"name":"Urla","link":"http://en.wikipedia.org/wiki/Urla"},{"name":"Cizre","link":"http://en.wikipedia.org/wiki/Cizre"},{"name":"Uzun Keupru","link":"http://en.wikipedia.org/wiki/Uzun+Keupru"},{"name":"Bor","link":"http://en.wikipedia.org/wiki/Bor"},{"name":"Akhisar","link":"http://en.wikipedia.org/wiki/Akhisar"},{"name":"Milas","link":"http://en.wikipedia.org/wiki/Milas"},{"name":"Idil","link":"http://en.wikipedia.org/wiki/Idil"},{"name":"Goksun","link":"http://en.wikipedia.org/wiki/Goksun"},{"name":"Adiyaman","link":"http://en.wikipedia.org/wiki/Adiyaman"},{"name":"Aydin","link":"http://en.wikipedia.org/wiki/Aydin"},{"name":"Aksehir","link":"http://en.wikipedia.org/wiki/Aksehir"},{"name":"Ayvalik","link":"http://en.wikipedia.org/wiki/Ayvalik"},{"name":"Igdir","link":"http://en.wikipedia.org/wiki/Igdir"},{"name":"Menemen","link":"http://en.wikipedia.org/wiki/Menemen"},{"name":"Bigadic","link":"http://en.wikipedia.org/wiki/Bigadic"},{"name":"Elbistan","link":"http://en.wikipedia.org/wiki/Elbistan"},{"name":"Adilcevaz","link":"http://en.wikipedia.org/wiki/Adilcevaz"},{"name":"Dursunbey","link":"http://en.wikipedia.org/wiki/Dursunbey"},{"name":"Bagcilar","link":"http://en.wikipedia.org/wiki/Bagcilar"},{"name":"Tekirova","link":"http://en.wikipedia.org/wiki/Tekirova"},{"name":"Havza","link":"http://en.wikipedia.org/wiki/Havza"},{"name":"Ercis","link":"http://en.wikipedia.org/wiki/Ercis"},{"name":"Kozan","link":"http://en.wikipedia.org/wiki/Kozan"},{"name":"Tatvan","link":"http://en.wikipedia.org/wiki/Tatvan"},{"name":"Kagizman","link":"http://en.wikipedia.org/wiki/Kagizman"},{"name":"Gediz","link":"http://en.wikipedia.org/wiki/Gediz"},{"name":"Yuksekova","link":"http://en.wikipedia.org/wiki/Yuksekova"},{"name":"Karasu","link":"http://en.wikipedia.org/wiki/Karasu"},{"name":"Nizip","link":"http://en.wikipedia.org/wiki/Nizip"},{"name":"Polatli","link":"http://en.wikipedia.org/wiki/Polatli"},{"name":"Karakocan","link":"http://en.wikipedia.org/wiki/Karakocan"},{"name":"Afsin","link":"http://en.wikipedia.org/wiki/Afsin"},{"name":"Sapanca","link":"http://en.wikipedia.org/wiki/Sapanca"},{"name":"Bozova","link":"http://en.wikipedia.org/wiki/Bozova"},{"name":"Viransehir","link":"http://en.wikipedia.org/wiki/Viransehir"},{"name":"Akyazi","link":"http://en.wikipedia.org/wiki/Akyazi"},{"name":"Baskil","link":"http://en.wikipedia.org/wiki/Baskil"},{"name":"Horasan","link":"http://en.wikipedia.org/wiki/Horasan"},{"name":"Emet","link":"http://en.wikipedia.org/wiki/Emet"},{"name":"Elmali","link":"http://en.wikipedia.org/wiki/Elmali"},{"name":"Foca","link":"http://en.wikipedia.org/wiki/Foca"},{"name":"Dogubayazit","link":"http://en.wikipedia.org/wiki/Dogubayazit"},{"name":"Reyhanli","link":"http://en.wikipedia.org/wiki/Reyhanli"},{"name":"Yalvac","link":"http://en.wikipedia.org/wiki/Yalvac"},{"name":"Akcakale","link":"http://en.wikipedia.org/wiki/Akcakale"},{"name":"Zile","link":"http://en.wikipedia.org/wiki/Zile"},{"name":"Kovancilar","link":"http://en.wikipedia.org/wiki/Kovancilar"},{"name":"Seferihisar","link":"http://en.wikipedia.org/wiki/Seferihisar"},{"name":"Korkuteli","link":"http://en.wikipedia.org/wiki/Korkuteli"},{"name":"Silopi","link":"http://en.wikipedia.org/wiki/Silopi"},{"name":"Lice","link":"http://en.wikipedia.org/wiki/Lice"},{"name":"Anamur","link":"http://en.wikipedia.org/wiki/Anamur"},{"name":"Belek","link":"http://en.wikipedia.org/wiki/Belek"},{"name":"Varto","link":"http://en.wikipedia.org/wiki/Varto"},{"name":"Sarikamis","link":"http://en.wikipedia.org/wiki/Sarikamis"}]},{"name":"TT","cityList":[{"name":"Mon Repos","link":"http://en.wikipedia.org/wiki/Mon+Repos"},{"name":"Point Fortin","link":"http://en.wikipedia.org/wiki/Point_Fortin"}]},{"name":"TV","cityList":[{"name":"Funafuti","link":"http://en.wikipedia.org/wiki/Funafuti"}]},{"name":"TW","cityList":[{"name":"Tainan","link":"http://en.wikipedia.org/wiki/Tainan"},{"name":"Daxi","link":"http://en.wikipedia.org/wiki/Dasi%2C_Taoyuan"},{"name":"Banqiao","link":"http://en.wikipedia.org/wiki/Banciao,_Taiwan"},{"name":"Douliu","link":"http://en.wikipedia.org/wiki/Douliu"},{"name":"Yujing","link":"http://en.wikipedia.org/wiki/Yujing"},{"name":"Taipei","link":"http://en.wikipedia.org/wiki/Taipei"},{"name":"Taichung","link":"http://en.wikipedia.org/wiki/Taichung"},{"name":"Taitung City","link":"http://en.wikipedia.org/wiki/Taitung+City"}]},{"name":"TZ","cityList":[{"name":"Vwawa","link":"http://en.wikipedia.org/wiki/Vwawa"},{"name":"Sirari","link":"http://en.wikipedia.org/wiki/Sirari"},{"name":"Nguruka","link":"http://en.wikipedia.org/wiki/Nguruka"},{"name":"Ngudu","link":"http://en.wikipedia.org/wiki/Ngudu"},{"name":"Nangwa","link":"http://en.wikipedia.org/wiki/Nangwa"},{"name":"Namanyere","link":"http://en.wikipedia.org/wiki/Namanyere"},{"name":"Mwadui","link":"http://en.wikipedia.org/wiki/Mwadui"},{"name":"Mvomero","link":"http://en.wikipedia.org/wiki/Mvomero"},{"name":"Mlangali","link":"http://en.wikipedia.org/wiki/Mlangali"},{"name":"Tingi","link":"http://en.wikipedia.org/wiki/Tingi"},{"name":"Vikindu","link":"http://en.wikipedia.org/wiki/Vikindu"},{"name":"Uyovu","link":"http://en.wikipedia.org/wiki/Uyovu"},{"name":"Ushirombo","link":"http://en.wikipedia.org/wiki/Ushirombo"},{"name":"Usevia","link":"http://en.wikipedia.org/wiki/Usevia"},{"name":"Usagara","link":"http://en.wikipedia.org/wiki/Usagara"},{"name":"Urambo","link":"http://en.wikipedia.org/wiki/Urambo"},{"name":"Tumbi","link":"http://en.wikipedia.org/wiki/Tumbi"},{"name":"Tinde","link":"http://en.wikipedia.org/wiki/Tinde"},{"name":"Tarime","link":"http://en.wikipedia.org/wiki/Tarime"},{"name":"Songwa","link":"http://en.wikipedia.org/wiki/Songwa"},{"name":"Somanda","link":"http://en.wikipedia.org/wiki/Somanda"},{"name":"Sokoni","link":"http://en.wikipedia.org/wiki/Sokoni"},{"name":"Sikonge","link":"http://en.wikipedia.org/wiki/Sikonge"},{"name":"Same","link":"http://en.wikipedia.org/wiki/Same"},{"name":"Old Shinyanga","link":"http://en.wikipedia.org/wiki/Old+Shinyanga"},{"name":"Nzega","link":"http://en.wikipedia.org/wiki/Nzega"},{"name":"Nyamuswa","link":"http://en.wikipedia.org/wiki/Nyamuswa"},{"name":"Nyalikungu","link":"http://en.wikipedia.org/wiki/Nyalikungu"},{"name":"Nyakabindi","link":"http://en.wikipedia.org/wiki/Nyakabindi"},{"name":"Nsunga","link":"http://en.wikipedia.org/wiki/Nsunga"},{"name":"Nshamba","link":"http://en.wikipedia.org/wiki/Nshamba"},{"name":"Njombe","link":"http://en.wikipedia.org/wiki/Njombe"},{"name":"Magole","link":"http://en.wikipedia.org/wiki/Magole"},{"name":"Zanzibar","link":"http://en.wikipedia.org/wiki/Zanzibar_City"},{"name":"Arusha","link":"http://en.wikipedia.org/wiki/Arusha"},{"name":"Dar es Salaam","link":"http://en.wikipedia.org/wiki/Dar+es+Salaam"},{"name":"Mwanza","link":"http://en.wikipedia.org/wiki/Mwanza"},{"name":"Tanga","link":"http://en.wikipedia.org/wiki/Tanga"},{"name":"Dodoma","link":"http://en.wikipedia.org/wiki/Dodoma"},{"name":"Iringa","link":"http://en.wikipedia.org/wiki/Iringa"},{"name":"Mtwara","link":"http://en.wikipedia.org/wiki/Mtwara"},{"name":"Tabora","link":"http://en.wikipedia.org/wiki/Tabora"},{"name":"Mbeya","link":"http://en.wikipedia.org/wiki/Mbeya"},{"name":"Musoma","link":"http://en.wikipedia.org/wiki/Musoma"},{"name":"Morogoro","link":"http://en.wikipedia.org/wiki/Morogoro"},{"name":"Singida","link":"http://en.wikipedia.org/wiki/Singida"},{"name":"Shinyanga","link":"http://en.wikipedia.org/wiki/Shinyanga"},{"name":"Kigoma","link":"http://en.wikipedia.org/wiki/Kigoma"},{"name":"Bukoba","link":"http://en.wikipedia.org/wiki/Bukoba"}]}]